<?xml version="1.0" encoding="UTF-8"?>

<!--
  ~  Copyright (c) 2019-2020, 冷冷 (wangiegie@gmail.com).
  ~  <p>
  ~  Licensed under the GNU Lesser General Public License 3.0 (the "License");
  ~  you may not use this file except in compliance with the License.
  ~  You may obtain a copy of the License at
  ~  <p>
  ~ https://www.gnu.org/licenses/lgpl.html
  ~  <p>
  ~ Unless required by applicable law or agreed to in writing, software
  ~ distributed under the License is distributed on an "AS IS" BASIS,
  ~ WITHOUT WARRANTIES OR CONDITIONS OF ANY KIND, either express or implied.
  ~ See the License for the specific language governing permissions and
  ~ limitations under the License.
  -->

<!DOCTYPE mapper PUBLIC "-//mybatis.org//DTD Mapper 3.0//EN" "http://mybatis.org/dtd/mybatis-3-mapper.dtd">

<mapper namespace="com.pig4cloud.pig.admin.mapper.SysLogMapper">

	<resultMap id="sysLogMap" type="com.pig4cloud.pig.admin.api.entity.SysLog">
		<id property="id" column="id"/>
		<result property="type" column="type"/>
		<result property="title" column="title"/>
		<result property="serviceId" column="service_id"/>
		<result property="createBy" column="create_by"/>
		<result property="createTime" column="create_time"/>
		<result property="updateTime" column="update_time"/>
		<result property="remoteAddr" column="remote_addr"/>
		<result property="userAgent" column="user_agent"/>
		<result property="requestUri" column="request_uri"/>
		<result property="method" column="method"/>
		<result property="params" column="params"/>
		<result property="time" column="time"/>
		<result property="delFlag" column="del_flag"/>
		<result property="exception" column="exception"/>
	</resultMap>
</mapper>
